snapshot_id,source,file,url,fetched_at_utc,http_status,etag,last_modified,bytes,n_rows,sha256,fetched_by
dove_2026-09-19,dove,dove.csv,https://dove.cccbr.org.uk/dove.csv,2026-09-19T16:08:43Z,200,NA,"Sat, 19 Sep 2026 16:08:37 GMT",2378822,7262,9883b25c1b201aaf6d4da7c4f3d279c1a7e92347ec729c52b39e6c5ea475bf2c,mark
dove_2026-09-19,dove,towers.csv,https://dove.cccbr.org.uk/towers.csv,2026-09-19T16:09:02Z,200,NA,"Sat, 19 Sep 2026 16:08:43 GMT",4213785,15720,6677060b1b691eaf902c0280604e51897113a56775c8c1be3096d79363907072,mark
dove_2026-09-19,dove,regions.csv,https://dove.cccbr.org.uk/regions.csv,2026-09-19T16:09:03Z,200,NA,NA,52581,1131,484f5dc30a19258b0c89ea99e975ea6d4e76dc76ceee359fbff2310ac987f622,mark
ghsl_pop_E2020_2026-10-10,ghsl_pop,GHS_POP_E2020_GLOBE_R2023A_54009_100_V1_0_R11_C31.zip,https://jeodpp.jrc.ec.europa.eu/ftp/jrc-opendata/GHSL/GHS_POP_GLOBE_R2023A/GHS_POP_E2020_GLOBE_R2023A_54009_100/V1-0/tiles/GHS_POP_E2020_GLOBE_R2023A_54009_100_V1_0_R11_C31.zip,2026-10-10T15:59:40Z,200,"""52d2bd-62cb52cc52b38""","Mon, 27 Jan 2025 19:35:12 GMT",5427901,NA,b549681f31af4fb44f5c0b955c7144139a7924c763a39df1a68863a422773fd6,mark
ghsl_pop_E2020_2026-10-10,ghsl_pop,GHS_POP_E2020_GLOBE_R2023A_54009_100_V1_0_R11_C32.zip,https://jeodpp.jrc.ec.europa.eu/ftp/jrc-opendata/GHSL/GHS_POP_GLOBE_R2023A/GHS_POP_E2020_GLOBE_R2023A_54009_100/V1-0/tiles/GHS_POP_E2020_GLOBE_R2023A_54009_100_V1_0_R11_C32.zip,2026-10-10T15:59:41Z,200,"""27b3f3-62cb52cc6e8a9""","Mon, 27 Jan 2025 19:35:12 GMT",2601971,NA,1feb16569ed0b7ba49840ac617087642cc120e9d7505507f701c4755aee520ef,mark
ghsl_pop_E2020_2026-10-10,ghsl_pop,GHS_POP_E2020_GLOBE_R2023A_54009_100_V1_0_R12_C33.zip,https://jeodpp.jrc.ec.europa.eu/ftp/jrc-opendata/GHSL/GHS_POP_GLOBE_R2023A/GHS_POP_E2020_GLOBE_R2023A_54009_100/V1-0/tiles/GHS_POP_E2020_GLOBE_R2023A_54009_100_V1_0_R12_C33.zip,2026-10-10T15:59:42Z,200,"""47c36c-62cb52cfa9abd""","Mon, 27 Jan 2025 19:35:15 GMT",4703084,NA,eaf42be03240f0852770f856e42cac4f72c3e286e733fb51c47cd2e7ae049b23,mark
ghsl_pop_E2020_2026-10-10,ghsl_pop,GHS_POP_E2020_GLOBE_R2023A_54009_100_V1_0_R13_C29.zip,https://jeodpp.jrc.ec.europa.eu/ftp/jrc-opendata/GHSL/GHS_POP_GLOBE_R2023A/GHS_POP_E2020_GLOBE_R2023A_54009_100/V1-0/tiles/GHS_POP_E2020_GLOBE_R2023A_54009_100_V1_0_R13_C29.zip,2026-10-10T15:59:43Z,200,"""480abd-62cb52d1bb135""","Mon, 27 Jan 2025 19:35:17 GMT",4721341,NA,12069e353178b42c0c6712687b585ee20039a368a2cf40e97c1be5112132de82,mark
ghsl_pop_E2020_2026-10-10,ghsl_pop,GHS_POP_E2020_GLOBE_R2023A_54009_100_V1_0_R13_C32.zip,https://jeodpp.jrc.ec.europa.eu/ftp/jrc-opendata/GHSL/GHS_POP_GLOBE_R2023A/GHS_POP_E2020_GLOBE_R2023A_54009_100/V1-0/tiles/GHS_POP_E2020_GLOBE_R2023A_54009_100_V1_0_R13_C32.zip,2026-10-10T15:59:44Z,200,"""5ac5f7-62cb52d22642e""","Mon, 27 Jan 2025 19:35:18 GMT",5948919,NA,0bc05e34900e2562792f8e17eda39e3acc129c5e9cb950d4edde92411be16734,mark
ghsl_pop_E2020_2026-10-10,ghsl_pop,GHS_POP_E2020_GLOBE_R2023A_54009_100_V1_0_R13_C33.zip,https://jeodpp.jrc.ec.europa.eu/ftp/jrc-opendata/GHSL/GHS_POP_GLOBE_R2023A/GHS_POP_E2020_GLOBE_R2023A_54009_100/V1-0/tiles/GHS_POP_E2020_GLOBE_R2023A_54009_100_V1_0_R13_C33.zip,2026-10-10T15:59:45Z,200,"""75a348-62cb52d24b9bd""","Mon, 27 Jan 2025 19:35:18 GMT",7709512,NA,a42b77fcfafdbafefa69801058cfad1f294bfd30d651b21991d5b9dee07ea5f2,mark
ghsl_pop_E2020_2026-10-10,ghsl_pop,GHS_POP_E2020_GLOBE_R2023A_54009_100_V1_0_R14_C29.zip,https://jeodpp.jrc.ec.europa.eu/ftp/jrc-opendata/GHSL/GHS_POP_GLOBE_R2023A/GHS_POP_E2020_GLOBE_R2023A_54009_100/V1-0/tiles/GHS_POP_E2020_GLOBE_R2023A_54009_100_V1_0_R14_C29.zip,2026-10-10T15:59:46Z,200,"""311096-62cb52d414626""","Mon, 27 Jan 2025 19:35:20 GMT",3215510,NA,4671267964ed638137294f1875323844202744616d31bd75fa509735c1f83826,mark
ghsl_pop_E2020_2026-10-10,ghsl_pop,GHS_POP_E2020_GLOBE_R2023A_54009_100_V1_0_R14_C31.zip,https://jeodpp.jrc.ec.europa.eu/ftp/jrc-opendata/GHSL/GHS_POP_GLOBE_R2023A/GHS_POP_E2020_GLOBE_R2023A_54009_100/V1-0/tiles/GHS_POP_E2020_GLOBE_R2023A_54009_100_V1_0_R14_C31.zip,2026-10-10T15:59:48Z,200,"""d9dcfe-62cb52d4637ef""","Mon, 27 Jan 2025 19:35:20 GMT",14277886,NA,567ea26b5cda05a897c960c9ed3412af3f709c7b7f37b39823b86183c0daf593,mark
ghsl_pop_E2020_2026-10-10,ghsl_pop,GHS_POP_E2020_GLOBE_R2023A_54009_100_V1_0_R14_C32.zip,https://jeodpp.jrc.ec.europa.eu/ftp/jrc-opendata/GHSL/GHS_POP_GLOBE_R2023A/GHS_POP_E2020_GLOBE_R2023A_54009_100/V1-0/tiles/GHS_POP_E2020_GLOBE_R2023A_54009_100_V1_0_R14_C32.zip,2026-10-10T15:59:49Z,200,"""6b1605-62cb52d48955c""","Mon, 27 Jan 2025 19:35:20 GMT",7017989,NA,197b09b07729432ebcd0fee79052361e804cb92f9e86904d550a088245bec2fe,mark
ghsl_pop_E2020_2026-10-10,ghsl_pop,GHS_POP_E2020_GLOBE_R2023A_54009_100_V1_0_R15_C31.zip,https://jeodpp.jrc.ec.europa.eu/ftp/jrc-opendata/GHSL/GHS_POP_GLOBE_R2023A/GHS_POP_E2020_GLOBE_R2023A_54009_100/V1-0/tiles/GHS_POP_E2020_GLOBE_R2023A_54009_100_V1_0_R15_C31.zip,2026-10-10T15:59:49Z,200,"""263aac-62cb52d571832""","Mon, 27 Jan 2025 19:35:21 GMT",2505388,NA,db5caa8d26c9038dd3af4a8f078f9f3acbdcfe6707fccccd8d871cbe00f3da6e,mark
ghsl_pop_E2020_2026-10-10,ghsl_pop,GHS_POP_E2020_GLOBE_R2023A_54009_100_V1_0_R3_C18.zip,https://jeodpp.jrc.ec.europa.eu/ftp/jrc-opendata/GHSL/GHS_POP_GLOBE_R2023A/GHS_POP_E2020_GLOBE_R2023A_54009_100/V1-0/tiles/GHS_POP_E2020_GLOBE_R2023A_54009_100_V1_0_R3_C18.zip,2026-10-10T15:59:53Z,200,"""1ac8b3c-62cb52dd7e042""","Mon, 27 Jan 2025 19:35:30 GMT",28085052,NA,e65bfbecba225fcb0e6b9c1673e6e18c3acc8fa9ae374a27ddd63214736ac37b,mark
ghsl_pop_E2020_2026-10-10,ghsl_pop,GHS_POP_E2020_GLOBE_R2023A_54009_100_V1_0_R3_C19.zip,https://jeodpp.jrc.ec.europa.eu/ftp/jrc-opendata/GHSL/GHS_POP_GLOBE_R2023A/GHS_POP_E2020_GLOBE_R2023A_54009_100/V1-0/tiles/GHS_POP_E2020_GLOBE_R2023A_54009_100_V1_0_R3_C19.zip,2026-10-10T15:59:59Z,200,"""271e9ae-62cb52ddc83e3""","Mon, 27 Jan 2025 19:35:30 GMT",41019822,NA,736d07c99453834235d62c2c9eab9f37450809d6621b9ea8d6255e4ae7f44dd1,mark
ghsl_pop_E2020_2026-10-10,ghsl_pop,GHS_POP_E2020_GLOBE_R2023A_54009_100_V1_0_R4_C11.zip,https://jeodpp.jrc.ec.europa.eu/ftp/jrc-opendata/GHSL/GHS_POP_GLOBE_R2023A/GHS_POP_E2020_GLOBE_R2023A_54009_100/V1-0/tiles/GHS_POP_E2020_GLOBE_R2023A_54009_100_V1_0_R4_C11.zip,2026-10-10T16:00:09Z,200,"""275f604-62cb52e0b28f3""","Mon, 27 Jan 2025 19:35:33 GMT",41285124,NA,140d068eba27810cfee2f842f01f056dc1fe2ede6c85beffe1b6ccc659adf15f,mark
ghsl_pop_E2020_2026-10-10,ghsl_pop,GHS_POP_E2020_GLOBE_R2023A_54009_100_V1_0_R4_C12.zip,https://jeodpp.jrc.ec.europa.eu/ftp/jrc-opendata/GHSL/GHS_POP_GLOBE_R2023A/GHS_POP_E2020_GLOBE_R2023A_54009_100/V1-0/tiles/GHS_POP_E2020_GLOBE_R2023A_54009_100_V1_0_R4_C12.zip,2026-10-10T16:00:16Z,200,"""2231e5f-62cb52e0f76aa""","Mon, 27 Jan 2025 19:35:33 GMT",35855967,NA,23dc16f2561de6b0e6f63f657d8ce53fa5b9d3ed0e270cb58602e8a7f035cf0c,mark
ghsl_pop_E2020_2026-10-10,ghsl_pop,GHS_POP_E2020_GLOBE_R2023A_54009_100_V1_0_R4_C13.zip,https://jeodpp.jrc.ec.europa.eu/ftp/jrc-opendata/GHSL/GHS_POP_GLOBE_R2023A/GHS_POP_E2020_GLOBE_R2023A_54009_100/V1-0/tiles/GHS_POP_E2020_GLOBE_R2023A_54009_100_V1_0_R4_C13.zip,2026-10-10T16:00:21Z,200,"""1770097-62cb52e130c6f""","Mon, 27 Jan 2025 19:35:33 GMT",24576151,NA,06a9a6732752ae0da4b387b4f910c0619f13913c47f63b06e42081a48aa23d32,mark
ghsl_pop_E2020_2026-10-10,ghsl_pop,GHS_POP_E2020_GLOBE_R2023A_54009_100_V1_0_R4_C18.zip,https://jeodpp.jrc.ec.europa.eu/ftp/jrc-opendata/GHSL/GHS_POP_GLOBE_R2023A/GHS_POP_E2020_GLOBE_R2023A_54009_100/V1-0/tiles/GHS_POP_E2020_GLOBE_R2023A_54009_100_V1_0_R4_C18.zip,2026-10-10T16:00:25Z,200,"""15d6c2c-62cb52e189e55""","Mon, 27 Jan 2025 19:35:34 GMT",22899756,NA,ed076cc18604b354c672e240b30d9577e4ccf05ae084e9a60d83a539caea2eed,mark
ghsl_pop_E2020_2026-10-10,ghsl_pop,GHS_POP_E2020_GLOBE_R2023A_54009_100_V1_0_R4_C19.zip,https://jeodpp.jrc.ec.europa.eu/ftp/jrc-opendata/GHSL/GHS_POP_GLOBE_R2023A/GHS_POP_E2020_GLOBE_R2023A_54009_100/V1-0/tiles/GHS_POP_E2020_GLOBE_R2023A_54009_100_V1_0_R4_C19.zip,2026-10-10T16:00:44Z,200,"""58ead1f-62cb52e20915e""","Mon, 27 Jan 2025 19:35:34 GMT",93236511,NA,ed46ea68ecb7d26e0c5a33f6cbdf87c77bb11a46bba8d3df61d66293c9051981,mark
ghsl_pop_E2020_2026-10-10,ghsl_pop,GHS_POP_E2020_GLOBE_R2023A_54009_100_V1_0_R4_C9.zip,https://jeodpp.jrc.ec.europa.eu/ftp/jrc-opendata/GHSL/GHS_POP_GLOBE_R2023A/GHS_POP_E2020_GLOBE_R2023A_54009_100/V1-0/tiles/GHS_POP_E2020_GLOBE_R2023A_54009_100_V1_0_R4_C9.zip,2026-10-10T16:00:49Z,200,"""134f50d-62cb52e4a50c7""","Mon, 27 Jan 2025 19:35:37 GMT",20247821,NA,e226d117974371b9e75cee53e91f93a5a6d19d3ada42b215284b7b9058cac919,mark
ghsl_pop_E2020_2026-10-10,ghsl_pop,GHS_POP_E2020_GLOBE_R2023A_54009_100_V1_0_R5_C10.zip,https://jeodpp.jrc.ec.europa.eu/ftp/jrc-opendata/GHSL/GHS_POP_GLOBE_R2023A/GHS_POP_E2020_GLOBE_R2023A_54009_100/V1-0/tiles/GHS_POP_E2020_GLOBE_R2023A_54009_100_V1_0_R5_C10.zip,2026-10-10T16:00:56Z,200,"""26f1e49-62cb52e4ecd16""","Mon, 27 Jan 2025 19:35:37 GMT",40836681,NA,d009e8b7717916c5043f5c793c52118c2a5749d5bd56810ceb50a06162657f12,mark
ghsl_pop_E2020_2026-10-10,ghsl_pop,GHS_POP_E2020_GLOBE_R2023A_54009_100_V1_0_R5_C11.zip,https://jeodpp.jrc.ec.europa.eu/ftp/jrc-opendata/GHSL/GHS_POP_GLOBE_R2023A/GHS_POP_E2020_GLOBE_R2023A_54009_100/V1-0/tiles/GHS_POP_E2020_GLOBE_R2023A_54009_100_V1_0_R5_C11.zip,2026-10-10T16:01:12Z,200,"""60e3433-62cb52e57b26b""","Mon, 27 Jan 2025 19:35:38 GMT",101594163,NA,bd1097da28ebc261a48958d59b4d0e4276ec3218c9e9e78559d8270c59dc15e3,mark
ghsl_pop_E2020_2026-10-10,ghsl_pop,GHS_POP_E2020_GLOBE_R2023A_54009_100_V1_0_R5_C12.zip,https://jeodpp.jrc.ec.europa.eu/ftp/jrc-opendata/GHSL/GHS_POP_GLOBE_R2023A/GHS_POP_E2020_GLOBE_R2023A_54009_100/V1-0/tiles/GHS_POP_E2020_GLOBE_R2023A_54009_100_V1_0_R5_C12.zip,2026-10-10T16:01:25Z,200,"""3f39d7f-62cb52e5df3f1""","Mon, 27 Jan 2025 19:35:38 GMT",66297215,NA,31303f6cc14f25d497b2695cbca570bf08dc284d07d2d9cf5e3e31e5ec9e61ce,mark
ghsl_pop_E2020_2026-10-10,ghsl_pop,GHS_POP_E2020_GLOBE_R2023A_54009_100_V1_0_R5_C13.zip,https://jeodpp.jrc.ec.europa.eu/ftp/jrc-opendata/GHSL/GHS_POP_GLOBE_R2023A/GHS_POP_E2020_GLOBE_R2023A_54009_100/V1-0/tiles/GHS_POP_E2020_GLOBE_R2023A_54009_100_V1_0_R5_C13.zip,2026-10-10T16:01:26Z,200,"""36e295-62cb52e5fec00""","Mon, 27 Jan 2025 19:35:39 GMT",3596949,NA,d3e0286b5e8502a625d9b10be9b1512f8ba5204a43c0687b052e34ba3bb2e844,mark
ghsl_pop_E2020_2026-10-10,ghsl_pop,GHS_POP_E2020_GLOBE_R2023A_54009_100_V1_0_R6_C10.zip,https://jeodpp.jrc.ec.europa.eu/ftp/jrc-opendata/GHSL/GHS_POP_GLOBE_R2023A/GHS_POP_E2020_GLOBE_R2023A_54009_100/V1-0/tiles/GHS_POP_E2020_GLOBE_R2023A_54009_100_V1_0_R6_C10.zip,2026-10-10T16:01:32Z,200,"""20fd2e9-62cb52ea247d1""","Mon, 27 Jan 2025 19:35:43 GMT",34591465,NA,fb629dfb5b61800d494d77760b9ead7f75413d11fd6801dd819d8b6434ec1e5a,mark
ghsl_pop_E2020_2026-10-10,ghsl_pop,GHS_POP_E2020_GLOBE_R2023A_54009_100_V1_0_R6_C11.zip,https://jeodpp.jrc.ec.europa.eu/ftp/jrc-opendata/GHSL/GHS_POP_GLOBE_R2023A/GHS_POP_E2020_GLOBE_R2023A_54009_100/V1-0/tiles/GHS_POP_E2020_GLOBE_R2023A_54009_100_V1_0_R6_C11.zip,2026-10-10T16:01:48Z,200,"""1d19ae6-62cb52ea633b2""","Mon, 27 Jan 2025 19:35:43 GMT",30513894,NA,b49cae1d1185ea2f3c95b3da4ce1906e8c777b68d435b022bb81a7f63d38141a,mark
ghsl_pop_E2020_2026-10-10,ghsl_pop,GHS_POP_E2020_GLOBE_R2023A_54009_100_V1_0_R6_C9.zip,https://jeodpp.jrc.ec.europa.eu/ftp/jrc-opendata/GHSL/GHS_POP_GLOBE_R2023A/GHS_POP_E2020_GLOBE_R2023A_54009_100/V1-0/tiles/GHS_POP_E2020_GLOBE_R2023A_54009_100_V1_0_R6_C9.zip,2026-10-10T16:01:50Z,200,"""fe1c1f-62cb52ee956ee""","Mon, 27 Jan 2025 19:35:48 GMT",16653343,NA,917828a1223b303ab33f461b8172a18162336396715925f84c352764fd979229,mark
ghsl_pop_E2020_2026-10-10,ghsl_pop,GHS_POP_E2020_GLOBE_R2023A_54009_100_V1_0_R7_C3.zip,https://jeodpp.jrc.ec.europa.eu/ftp/jrc-opendata/GHSL/GHS_POP_GLOBE_R2023A/GHS_POP_E2020_GLOBE_R2023A_54009_100/V1-0/tiles/GHS_POP_E2020_GLOBE_R2023A_54009_100_V1_0_R7_C3.zip,2026-10-10T16:01:50Z,200,"""235db3-62cb52f25a254""","Mon, 27 Jan 2025 19:35:51 GMT",2317747,NA,e1e98fcbf0e9f29787ccbb5a7a57c564d0511dcdbc42e97ed6944bae892cd683,mark
ghsl_smod_E2020_2026-10-10,ghsl_smod,GHS_SMOD_E2020_GLOBE_R2023A_54009_1000_V2_0.zip,https://jeodpp.jrc.ec.europa.eu/ftp/jrc-opendata/GHSL/GHS_SMOD_GLOBE_R2023A/GHS_SMOD_E2020_GLOBE_R2023A_54009_1000/V2-0/GHS_SMOD_E2020_GLOBE_R2023A_54009_1000_V2_0.zip,2026-10-10T16:02:17Z,200,"""223162e-62cb2e0520194""","Mon, 27 Jan 2025 16:50:39 GMT",35853870,NA,5a81c3827c9bbc9109159b4c3f92ac7722705944e43038219f142b410431a852,mark
ons_oa_ruc_2026-10-10,ons_oa_ruc,OA_2021_EW_BGC_V2_RUC.zip,https://open-geography-portalx-ons.hub.arcgis.com/api/download/v1/items/ba871c7913184894b9c8dece9a542dfc/shapefile?layers=0,2026-10-10T16:02:33Z,200,"""daaad5a6aca7648980b06173fe35f7dc-10""","Mon, 13 Oct 2025 14:34:07 GMT",48313718,NA,77fbb0eafbbb53a3522f66e7b244077083c351a63352e21cb7b48d1000c5ae92,mark
