category,society,members_2025,members_2026,reps_2026,vacancies_2026
Affiliated,ASCY,667,675,3,1
Affiliated,Australian & New Zealand,399,438,3,0
Affiliated,Barrow & District Society,130,130,1,0
Affiliated,Bath & Wells Diocesan,1614,1631,5,0
Affiliated,Bedfordshire Association,343,290,2,0
Affiliated,Beverley & District,224,201,2,0
Affiliated,Cambridge University,225,160,2,0
Affiliated,Carlisle Diocesan Guild,232,240,2,0
Affiliated,Chester Diocesan Guild,898,925,3,1
Affiliated,Coventry Diocesan Guild,471,470,4,0
Affiliated,Derby Diocesan Association,653,662,4,0
Affiliated,Dorset County Association,177,62,0,1
Affiliated,Durham & Newcastle,524,531,1,3
Affiliated,East Derby & West Notts,97,91,1,0
Affiliated,Ely Diocesan Association,714,683,4,0
Affiliated,Essex Association,1133,1130,5,0
Affiliated,Four Shires Guild,189,186,1,1
Affiliated,Gloucester & Bristol,1195,1162,5,0
Affiliated,Guild of Devonshire Ringers,571,604,4,0
Affiliated,Guildford Diocesan Guild,652,652,3,1
Affiliated,Hereford Diocesan Guild,692,650,4,0
Affiliated,Hertford County,664,696,4,0
Affiliated,Irish Association,407,439,3,0
Affiliated,Kent County Association,1135,1294,4,1
Affiliated,Ladies Guild,477,525,4,0
Affiliated,Lancashire Association,750,800,4,0
Affiliated,Leicester Diocesan Guild,595,606,3,1
Affiliated,Lichfield & Walsall,361,351,3,0
Affiliated,Lincoln Diocesan Guild,690,694,4,0
Affiliated,Llandaff & Monmouth,396,411,3,0
Affiliated,Middlesex and London,492,482,3,1
Affiliated,North American Guild,454,482,4,0
Affiliated,North Staffordshire,339,345,2,1
Affiliated,North Wales,247,246,1,1
Affiliated,Norwich Diocesan,499,486,3,1
Affiliated,Oxford Diocesan Guild,2184,2199,5,1
Affiliated,Oxford Society,75,75,1,0
Affiliated,Peterborough Guild,977,965,4,0
Affiliated,Salisbury Guild,1471,1408,4,1
Affiliated,Scottish Association,229,211,2,0
Affiliated,Shropshire Association,283,293,2,0
Affiliated,Royal Cumberland,917,864,4,0
Affiliated,Southwell & Nottingham,511,459,4,0
Affiliated,St David's Diocesan Guild,118,136,1,0
Affiliated,St Martin's Guild,270,248,2,0
Affiliated,Suffolk Guild,672,684,4,0
Affiliated,Surrey Association,573,580,4,0
Affiliated,Sussex County,1032,1061,4,1
Affiliated,Swansea & Brecon,104,103,0,1
Affiliated,Truro Diocesan Guild,720,732,4,0
Affiliated,University of Bristol,255,260,2,0
Affiliated,Veronese Association,300,64,1,0
Affiliated,Winchester & Portsmouth,1218,1201,3,2
Affiliated,Worcestershire & Districts,614,635,3,1
Affiliated,Yorkshire Association,1416,1369,5,0
Associated,Durham University Society,110,101,1,0
Associated,Guild of Clerical Ringers,104,104,1,0
Associated,Leeds University Society,138,138,1,0
Associated,Oxford University Society,120,120,1,0
Associated,Devon Association,600,143,1,0
Associated,Welsh Colleges Society,76,84,1,0
Associated,University of London,100,100,1,0
Small,Central European,29,33,1,0
Small,Guild of Railway Ringers,84,84,1,0
Small,Lilliputters Guild,30,25,1,0
Small,Liverpool University Society,68,65,1,0
Small,National Police Guild,88,75,1,0
Small,Open University Society,72,73,1,0
Small,Sheffield Universities Guild,40,17,1,0
Small,South African Guild,32,31,1,0
