tower_id,ring_id,dove_label,bells,in_frame_full,category,served_by,evidence,source,confidence,status,notes
10588,589,"London, S Mary le Bow",12,TRUE,society_steeple_keeper,Ancient Society of College Youths,Wikipedia: ASCY 'is responsible for the bells at' this church,https://en.wikipedia.org/wiki/Ancient_Society_of_College_Youths,medium,proposed,Dove does not list ASCY in Affiliations here. Disagreement to log under D-022
16131,6132,"London, S Michael",12,TRUE,society_steeple_keeper,Ancient Society of College Youths,Wikipedia list; Dove lists ASCY,"https://en.wikipedia.org/wiki/Ancient_Society_of_College_Youths ; Dove Affiliations field, dove_2026-09-19",high,proposed,
16634,6635,"London, S Giles, S Giles without Cripplegate",12,TRUE,society_steeple_keeper,Ancient Society of College Youths,Wikipedia list; Dove lists ASCY,"https://en.wikipedia.org/wiki/Ancient_Society_of_College_Youths ; Dove Affiliations field, dove_2026-09-19",high,proposed,
16020,6021,"London, S Lawrence Jewry",8,TRUE,society_steeple_keeper,Ancient Society of College Youths,Wikipedia list; Dove lists ASCY,"https://en.wikipedia.org/wiki/Ancient_Society_of_College_Youths ; Dove Affiliations field, dove_2026-09-19",high,proposed,
13189,3190,"London, S Magnus, S Magnus the Martyr",12,TRUE,society_steeple_keeper,Ancient Society of College Youths,Wikipedia list; Dove lists ASCY,"https://en.wikipedia.org/wiki/Ancient_Society_of_College_Youths ; Dove Affiliations field, dove_2026-09-19",high,proposed,
17135,7136,"London, S Sepulchre, S Sepulchre without Newgate",12,TRUE,society_steeple_keeper,Ancient Society of College Youths,Wikipedia list,https://en.wikipedia.org/wiki/Ancient_Society_of_College_Youths,medium,proposed,Dove does not list ASCY in Affiliations here. Disagreement to log under D-022
15153,5154,"Westminster, S Martin, S Martin in the Fields",12,TRUE,society_steeple_keeper,Society of Royal Cumberland Youths,Wikipedia: SRCY responsible for 'administration and steeple keeping'; SRCY site lists it under Service Ringing; Dove lists SRCY,"https://en.wikipedia.org/wiki/Society_of_Royal_Cumberland_Youths ; https://srcy.org.uk/tower/st-martin-in-the-fields ; Dove Affiliations field, dove_2026-09-19",high,proposed,Society headquarters
11847,1848,"Shoreditch, S Leonard",12,TRUE,society_steeple_keeper,Society of Royal Cumberland Youths,"Wikipedia, SRCY site, Dove","https://en.wikipedia.org/wiki/Society_of_Royal_Cumberland_Youths ; https://srcy.org.uk/tower/st-martin-in-the-fields ; Dove Affiliations field, dove_2026-09-19",high,proposed,Just outside the City
13840,3841,"Spitalfields, Christ Church",8,TRUE,society_steeple_keeper,Society of Royal Cumberland Youths,"Wikipedia, SRCY site, Dove","https://en.wikipedia.org/wiki/Society_of_Royal_Cumberland_Youths ; https://srcy.org.uk/tower/st-martin-in-the-fields ; Dove Affiliations field, dove_2026-09-19",high,proposed,Just outside the City
11081,1082,"London, S Andrew Holborn",8,TRUE,society_steeple_keeper,Society of Royal Cumberland Youths,"Wikipedia, SRCY site, Dove","https://en.wikipedia.org/wiki/Society_of_Royal_Cumberland_Youths ; https://srcy.org.uk/tower/st-martin-in-the-fields ; Dove Affiliations field, dove_2026-09-19",high,proposed,
16067,6068,"Clerkenwell, S James",8,TRUE,society_steeple_keeper,Society of Royal Cumberland Youths,"Wikipedia, SRCY site, Dove","https://en.wikipedia.org/wiki/Society_of_Royal_Cumberland_Youths ; https://srcy.org.uk/tower/st-martin-in-the-fields ; Dove Affiliations field, dove_2026-09-19",high,proposed,Just outside the City
15228,5229,"London, S Paul's Cath, Cath Ch of S Paul",12,TRUE,central_london_major,ASCY practises here; cathedral band not established,Wikipedia: ASCY members practise at St Paul's and ring for important events,https://en.wikipedia.org/wiki/Ancient_Society_of_College_Youths,medium,proposed,Who rings Sunday service here is not established. Check
16296,6297,"Southwark Cath, Cath Ch of S Saviour",12,TRUE,central_london_major,ASCY practises here; cathedral band not established,Wikipedia: ASCY members practise at Southwark Cathedral,https://en.wikipedia.org/wiki/Ancient_Society_of_College_Youths,low,proposed,Who rings Sunday service here is not established. Check
14872,4873,"Westminster Abbey, Collegiate Ch of S Peter",10,TRUE,central_london_major,Westminster Abbey Company of Ringers,BellBoard performance credited to 'Westminster Abbey Company of Ringers',https://bellboard.uk/view.php?id=1618054,medium,proposed,Own appointed company; societies provide ringers for major events
13512,3513,"Westminster, S Clement Danes",10,TRUE,central_london_major,Not established,Central Westminster location only,,low,proposed,Candidate for review
13657,3658,"Westminster, S Margaret",10,TRUE,central_london_major,Not established,Central Westminster location only,,low,proposed,Candidate for review
13868,3869,"London, S Bart Gt, S Bartholomew Gt",5,TRUE,city_of_london_other,Not established,Dove County = City of London,"Dove Affiliations field, dove_2026-09-19",high (rule),proposed,Square Mile. Very small resident population
12429,2430,"London, Aldgate, S Botolph without Aldgate",8,TRUE,city_of_london_other,Not established,Dove County = City of London,"Dove Affiliations field, dove_2026-09-19",high (rule),proposed,Square Mile
13028,3029,"London, Bishopsgate, S Botolph without Bishopsgate",8,TRUE,city_of_london_other,Not established,Dove County = City of London,"Dove Affiliations field, dove_2026-09-19",high (rule),proposed,Square Mile
11914,1915,"London, S Dunstan-in-the-West",10,TRUE,city_of_london_other,Not established,Dove County = City of London,"Dove Affiliations field, dove_2026-09-19",high (rule),proposed,Square Mile
16578,6579,"London, S James Garlickhythe",8,TRUE,city_of_london_other,Not established,Dove County = City of London,"Dove Affiliations field, dove_2026-09-19",high (rule),proposed,Square Mile
10471,472,"London, S Katharine Cree",6,TRUE,city_of_london_other,Not established,Dove County = City of London,"Dove Affiliations field, dove_2026-09-19",high (rule),proposed,Square Mile
12986,2987,"London, S Olave",8,TRUE,city_of_london_other,University of London Society (home tower per directory),"Dove County = City of London; Dove lists University of London Society; directory: ULSCR home tower, Thursday practice in term time","Dove Affiliations field, dove_2026-09-19 ; https://universityringing.org/societies/london/",high (rule),proposed,Square Mile; also a university-society tower
13157,3158,"London, S Vedast",6,TRUE,city_of_london_other,Not established,Dove County = City of London,"Dove Affiliations field, dove_2026-09-19",high (rule),proposed,Square Mile
13748,3749,"Cambridge, S Mary Gt, Univ Ch of S Mary Gt",12,TRUE,society_service_band,Society of Cambridge Youths,Great St Mary's: 'The Society of Cambridge Youths has been ringing the bells at the University Church since 1724.',https://www.greatstmarys.org/bells,high,proposed,University church; Michaelmas term falls in the reference week
12153,2154,"Lincoln Cath, Cath Ch of BVM",12,TRUE,society_service_band,Company of Ringers of the Blessed Virgin Mary of Lincoln,Cathedral's own appointed company,https://en.wikipedia.org/wiki/Company_of_Ringers_of_the_Blessed_Virgin_Mary_of_Lincoln,medium,proposed,Representative of cathedral 'companies' generally. See note on TowerStatus in the README
11248,1249,"Lundy Island, S Helen",10,TRUE,no_resident_population,Lundy Island Society,Dove lists Lundy Island Society; island has a very small resident population,"Dove Affiliations field, dove_2026-09-19",high,proposed,Rung by visiting bands; catchment measures meaningless here
15139,5140,"Cambridge, S Andrew Gt",8,TRUE,university_society,Cambridge University Guild,Home tower per CCCBR university-ringing directory; Dove lists CUGCR,"https://universityringing.org/societies/cambridge/ ; Dove Affiliations field, dove_2026-09-19",high,proposed,Directory gives practice Thursday 20:00-21:30
16664,6665,"Cambridge, S Bene't",6,TRUE,university_society,Cambridge University Guild,Dove lists a university society in Affiliations,"Dove Affiliations field, dove_2026-09-19",medium,proposed,Term-time student band likely; Mark to confirm who actually rings
10172,173,"Oxford, Balliol Coll, Balliol College Historic Collections Centre",6,TRUE,university_society,Oxford University Society,Dove lists a university society in Affiliations,"Dove Affiliations field, dove_2026-09-19",medium,proposed,Term-time student band likely; Mark to confirm who actually rings
10326,327,"Oxford, S Ebbe",8,TRUE,university_society,Oxford University Society,Dove lists a university society in Affiliations,"Dove Affiliations field, dove_2026-09-19",medium,proposed,Term-time student band likely; Mark to confirm who actually rings
14239,4240,"Oxford, S Mary Magd, S Mary Magdalen",10,TRUE,university_society,Oxford University Society,Home tower per directory: 'Tuesday 19:30-21:00 (Term time)',"https://universityringing.org/societies/oxford/ ; Dove Affiliations field, dove_2026-09-19",high,proposed,
11759,1760,"Oxford, S Thomas, S Thomas M",10,TRUE,university_society,Oxford University Society; Oxford Society,Dove lists a university society in Affiliations,"Dove Affiliations field, dove_2026-09-19",medium,proposed,Term-time student band likely; Mark to confirm who actually rings
16354,6355,"Bristol, S Michael, The Mount Without",6,TRUE,university_society,University of Bristol Society (per Dove),Dove lists UBSCR here; directory gives Kingsdown S Matthew as home tower instead,"Dove Affiliations field, dove_2026-09-19 ; https://universityringing.org/societies/bristol/",low,proposed,Directory and Dove disagree. Possibly a former home tower
14977,4978,"Burley, S Matthias",8,TRUE,university_society,Leeds University Society,Home tower per directory; Monday practice '(Term time)',"https://universityringing.org/societies/leeds/ ; Dove Affiliations field, dove_2026-09-19",high,proposed,
11694,1695,"Liverpool, SFX, S Francis Xavier",8,TRUE,university_society,Liverpool Universities Society,Directory: society is 'primarily responsible for the ringing of the bells' at SFX; Sunday ringing 9:45-10:15,"https://universityringing.org/societies/liverpool/ ; Dove Affiliations field, dove_2026-09-19",high,proposed,Friday practice term time only
13054,3055,"Salford, Sacred Trinity",8,TRUE,university_society,Manchester University Guild,Home tower per directory; Tuesday practice,"https://universityringing.org/societies/manchester/ ; Dove Affiliations field, dove_2026-09-19",high,proposed,
14542,4543,"Oxford Cath, Cath Ch of Christ",12,TRUE,city_society_oxford,Oxford Society,Dove lists Oxford Society in Affiliations,"Dove Affiliations field, dove_2026-09-19",medium,proposed,Oxford city/college tower. Mark to confirm who actually rings
11850,1851,"Oxford, Carfax, Carfax Tower",6,TRUE,city_society_oxford,Oxford Society,Dove lists Oxford Society in Affiliations,"Dove Affiliations field, dove_2026-09-19",medium,proposed,Oxford city/college tower. Mark to confirm who actually rings
12299,2300,"Oxford, Lincoln Coll, Lincoln College",8,TRUE,city_society_oxford,Oxford Society,Dove lists Oxford Society in Affiliations,"Dove Affiliations field, dove_2026-09-19",medium,proposed,Oxford city/college tower. Mark to confirm who actually rings
11203,1204,"Oxford, Magdalen Coll, Magdalen College",10,TRUE,city_society_oxford,Oxford Society,Dove lists Oxford Society in Affiliations,"Dove Affiliations field, dove_2026-09-19",medium,proposed,Oxford city/college tower. Mark to confirm who actually rings
16203,6204,"Oxford, Merton Coll, Merton College",8,TRUE,city_society_oxford,Oxford Society,Dove lists Oxford Society in Affiliations,"Dove Affiliations field, dove_2026-09-19",medium,proposed,Oxford city/college tower. Mark to confirm who actually rings
13271,3272,"Oxford, New Coll, New College",10,TRUE,city_society_oxford,Oxford Society,Dove lists Oxford Society in Affiliations,"Dove Affiliations field, dove_2026-09-19",medium,proposed,Oxford city/college tower. Mark to confirm who actually rings
12493,2494,"Oxford, S Mary V",6,TRUE,city_society_oxford,Oxford Society,Dove lists Oxford Society in Affiliations,"Dove Affiliations field, dove_2026-09-19",medium,proposed,Oxford city/college tower. Mark to confirm who actually rings
10824,825,"Edgbaston, S Bartholomew",8,TRUE,university_society,Birmingham Universities Society,Home tower per directory; Friday 19:00-21:00,https://universityringing.org/societies/birmingham/,medium,proposed,Sunday service role not stated
11859,1860,"Kingsdown, S Matthew",8,TRUE,university_society,University of Bristol Society,Home tower per directory; Tuesday practice in term time,https://universityringing.org/societies/bristol/,high,proposed,Dove does not list UBSCR here (it lists it at Bristol S Michael)
13702,3703,"Canterbury, S Stephen",8,TRUE,university_society,Canterbury Colleges Society,Directory: society 'joins the regular practice night' here,https://universityringing.org/societies/canterbury/,low,proposed,"Joins an existing local band, so probably not a student-led tower"
12372,2373,"Cardiff, S John Bapt",10,TRUE,university_society,Cardiff student ringers (contact via Llandaff & Monmouth DA),Directory entry 'Cardiff'; Wikipedia's list names a Cardiff Students' Society,https://universityringing.org/societies/cardiff/,low,proposed,Whether a separate student band exists is unclear
11762,17420,"Chicago, Mitchell Tower",10,TRUE,university_society,University of Chicago Guild,Home tower per directory; practice Saturdays 'when the university is in session',https://universityringing.org/societies/chicago/,high,proposed,"University-owned tower, no parish"
12646,2647,"Dublin, S Patrick Cath, National Cath Ch of S Patrick",12,TRUE,university_society,Dublin University Guild,"Home tower per directory; members include 'students, workers, and retirees'",https://universityringing.org/societies/dublin/,medium,proposed,Cathedral; mixed membership
14288,4289,"Brancepeth, S Brandon",8,TRUE,university_society,Durham University Society,Directory: DUSCR practises at Brancepeth and 'rings there for Sunday service each week during term time'; transport from Durham,https://universityringing.org/societies/durham/,high,proposed,Strong case: village tower whose service band is students brought in from Durham
14687,4688,"Exeter, S David",8,TRUE,university_society,Exeter Colleges Guild,Home tower per directory; Wednesday practice,https://universityringing.org/societies/exeter/,medium,proposed,
15675,5676,"Keele, S John",6,TRUE,university_society,Keele University Society,Home tower per directory; band includes 'both students and members of the local community',https://universityringing.org/societies/keele/,high,proposed,Campus church
13828,3829,"Leicester, S Mary de Castro",10,TRUE,university_society,Leicester Universities Society,Home tower per directory; Wednesday practice,https://universityringing.org/societies/leicester/,medium,proposed,
13659,3660,"Lincoln, S Mary, S Mary le Wigford",4,TRUE,university_society,Lincoln University Society of Bell Ringers,Directory: practice 'Alternates between these two towers during term time',https://universityringing.org/societies/lincoln/,medium,proposed,Shares this role with Lincoln S Peter at Gowts
10782,783,"Lincoln, S Peter at Gowts",6,TRUE,university_society,Lincoln University Society of Bell Ringers,Directory: practice 'Alternates between these two towers during term time',https://universityringing.org/societies/lincoln/,medium,proposed,Shares this role with Lincoln S Mary le Wigford
16412,6413,"Nottingham, All Ss, All Saints",10,TRUE,university_society,Nottingham University Society,Home tower per directory; Tuesday practice; rings 'on Sunday mornings' (tower not named),https://universityringing.org/societies/nottingham/,medium,proposed,
16279,6280,"Portsmouth, Portsea, S Mary",8,TRUE,university_society,Portsmouth Union of Bellringing Students,Home tower per directory; Tuesday practice,https://universityringing.org/societies/portsmouth/,medium,proposed,
16674,6675,"Reading, S Mary, Minster Ch of S Mary V",8,TRUE,university_society,Reading University Society,"Home tower per directory, but page says 'The Society is not currently active.'",https://universityringing.org/societies/reading/,low,proposed,Inactive. Probably drop
10439,440,"Sheffield RC Cath, Cath Ch of S Marie",8,TRUE,university_society,Sheffield Universities Guild,"Directory: Sunday service ringing at St Marie's 17:00-18:30, also the advanced practice",https://universityringing.org/societies/sheffield/,high,proposed,RC cathedral
10840,841,"St Andrews, University Chapel of S Salvator",6,TRUE,university_society,St Salvator's Society (St Andrews),Home tower per directory; rings for 'regular chapel services',https://universityringing.org/societies/standrews/,high,proposed,"University chapel, no parish"
15019,5020,"Northampton, Smith College",8,TRUE,university_society,Smith College Guild,"Directory: not a church tower, so no Sunday service ringing",https://universityringing.org/societies/smith/,high,proposed,US college tower
16423,6424,"Seattle, University of Washington",8,TRUE,university_society,University of Washington Change Ringing,Directory: practices Mondays and Fridays 'at the tower on the Seattle campus',https://universityringing.org/societies/washington/,high,proposed,US campus tower
10037,38,"Sewanee, Breslin Tower",8,TRUE,university_society,Sewanee Guild,Directory: Breslin Tower at the University of the South,https://universityringing.org/societies/sewanee/,medium,proposed,US university tower; student status of guild not stated
12165,2166,"York, S Wilfrid, Oratory Ch of S Wilfrid",10,TRUE,university_society,York Bellringing Society,Directory: 'welcoming society for bellringers from the University of York and York St John University'; Wednesday practice (term time),https://universityringing.org/societies/york/,medium,proposed,
16840,6841,"Llandegai, S Tegai",6,TRUE,university_society,Bangor Student Society,"Directory: practises at St Tegai, Llandegai and Beaumaris",https://universityringing.org/societies/bangor/,medium,proposed,Shares this role with Beaumaris
11002,1003,"Beaumaris, S Mary & S Nicholas",8,TRUE,university_society,Bangor Student Society,"Directory: practises at St Tegai, Llandegai and Beaumaris",https://universityringing.org/societies/bangor/,medium,proposed,Shares this role with Llandegai
13796,3797,"Southampton, S Barnabas",6,TRUE,university_society,Southampton Universities Guild,"SUGCR is the contact for St Barnabas, Lodge Road; Guild practice rotates; Sundays with Southampton City Ringers",https://universityringing.org/societies/southampton/ ; https://sugcr.susu.org/towers/,low,proposed,Guild's own Hartley 12 mini-ring at South Stoneham is outside the frame
12945,2946,"Newcastle, S John Bapt",8,TRUE,university_society,Newcastle (student society 'currently being formed'),Directory entry,https://universityringing.org/societies/newcastle/,low,proposed,Society not yet formed
15450,5451,"Walsgrave on Sowe, S Mary",6,TRUE,university_society,Warwick/Coventry students,Directory: students 'welcome to ring at Walsgrave',https://universityringing.org/societies/warwick/,low,proposed,"Reads as a signpost to a local band, not a student band"
12403,2404,"South Kensington, Imperial College, Queen's Tower",10,TRUE,institutional,Imperial College (Tower Captain nominated by the College Secretary),College policy: bells 'rung at certain pre-arranged times during the year'; only 'with the prior permission of the College Secretary',https://www.imperial.ac.uk/admin-services/secretariat/college-governance/charters/policies-regulations-and-codes-of-practice/use-of-the-queens-tower/,high,proposed,Rung on occasions only; no regular band expected
12504,2505,"Windsor Castle, Curfew Tower, HM Free Chapel of S George",8,TRUE,institutional,Not established,"Windsor Castle, Curfew Tower",,low,proposed,Royal peculiar
11660,1661,"Winchester College, Chapel, Chapel of S Mary",6,TRUE,institutional,Not established,School chapel (Winchester College),,low,proposed,
12430,2431,"Edinburgh, Fettes College Chapel",6,TRUE,institutional,Not established,School chapel (Fettes College),,low,proposed,
14422,4423,"Bristol, S Mark, S Mark Lord Mayor's Chapel",6,TRUE,institutional,Not established,"Lord Mayor's Chapel, Bristol (civic)",,low,proposed,
15745,5746,"Groton, School Chapel, Groton School Chapel",10,TRUE,institutional,Not established,"School chapel (Groton School, USA)",,low,proposed,
13580,3581,"Kent, School Chapel, Kent School Chapel",10,TRUE,institutional,Not established,"School chapel (Kent School, USA)",,low,proposed,
11102,1103,"Kalamazoo, College Chapel, Stetson Chapel",8,TRUE,institutional,Not established,"College chapel (Kalamazoo College, USA)",,low,proposed,
16130,6131,"Watertown, Perkins School, Perkins School for the Blind",8,TRUE,institutional,Not established,Perkins School for the Blind (USA),,low,proposed,
13507,3508,"Alexandria, Immanuel Chapel, Virginia Theological Seminary",8,TRUE,institutional,Not established,"Seminary chapel (Virginia Theological Seminary, USA)",,low,proposed,
12726,2727,"Mosman Park, School Chapel, S Hilda's School Chapel",8,TRUE,institutional,Not established,"School chapel (S Hilda's, Perth, Australia)",,low,proposed,
